run_id,driv_id,soil_id,crop_id,description,site,country,lat,lon,crop_nm,variety,treatment,irrigaTrueion,plan_year,plan_doy,harv_year,harv_doy,spinup_days,label,source,planting_type,plan_depth,rowspacing,plants_m,plants_ha,area_ha,residue,residue_type,residue_amount_ton_ha,soil,observation,run_jules,sim_base
SB0001,DRPI0001,SLPI0001,CRSB0001,Soybean Rainfed,Piracicaba - Faz. Areao (ESALQ),Brazil,-22.698538,-47.642881,Soybean,BRS 399RR,Rainfed,FALSE,2015,352,2016,95,60,Soybean Rainfed,https://www.teses.usp.br/teses/disponiveis/11/11152/tde-18052018-140516/pt-br.php,NA,4,45,16,355552,0.0576,NA,NA,NA,Nitosoil,Data from Evandro`s thesis and Giulia's CI,FALSE,base_setup_01.csv
SB0002,DRPI0001,SLPI0001,CRSB0001,Soybean Irrigated ,Piracicaba - Faz. Areao (ESALQ),Brazil,-22.698538,-47.642881,Soybean,BRS 399RR,Irrigated,TRUE,2015,352,2016,97,60,Soybean Irrigated ,https://www.teses.usp.br/teses/disponiveis/11/11152/tde-18052018-140516/pt-br.php,NA,4,45,16,355552,0.0576,NA,NA,NA,Nitosoil,Data from Evandro`s thesis and Giulia's CI,FALSE,base_setup_01.csv
SB0003,DRPI0001,SLPI0001,CRSB0001,Soybean Irrigated ,Piracicaba - Faz. Areao (ESALQ),Brazil,-22.698538,-47.642881,Soybean,BRS399RR,Irrigated,TRUE,2016,304,2017,58,60,Soybean Irrigated ,https://www.teses.usp.br/teses/disponiveis/11/11152/tde-18052018-140516/pt-br.php,NA,4,45,12,266667,0.0054,NA,NA,NA,Nitosoil,Data from Evandro`s thesis and Giulia's CI,FALSE,base_setup_01.csv
SB0004,DRPI0001,SLPI0001,CRSB0001,Soybean Rainfed,Piracicaba - Faz. Areao (ESALQ),Brazil,-22.698538,-47.642881,Soybean,BRS399RR,Rainfed,FALSE,2016,304,2017,58,60,Soybean Rainfed,https://www.teses.usp.br/teses/disponiveis/11/11152/tde-18052018-140516/pt-br.php,NA,4,45,12,266667,0.0054,NA,NA,NA,Nitosoil,Data from Evandro`s thesis and Giulia's CI,FALSE,base_setup_01.csv
MZ0001,DRPI0001,SLPI0001,CRMZ0001,Maize Irrigated,Piracicaba - Faz. Areao (ESALQ),Brazil,-22.698538,-47.642881,Maize,DKB363,Irrigated,TRUE,2018,333,2019,86,60,Maize Irrigated,not published,NA,NA,NA,NA,NA,NA,NA,NA,NA,Nitosoil,Data from Luis Antolin's phd field experiment,TRUE,base_setup_01.csv
MZ0002,DRPI0001,SLPI0001,CRMZ0001,Maize Rainfed,Piracicaba - Faz. Areao (ESALQ),Brazil,-22.698538,-47.642881,Maize,DKB363,Rainfed,FALSE,2018,333,2019,86,60,Maize Rainfed,not published,NA,NA,NA,NA,NA,NA,NA,NA,NA,Nitosoil,Data from Luis Antolin's phd field experiment,TRUE,base_setup_01.csv
SC0001,DRPI0001,PI0002,CRSC0001,Sugarcane Rainfed,Piracicaba - CTC,Brazil,-22.6931,-47.560563,Sugarcane,R570,Rainfed,FALSE,2004,301,2005,267,60,Sugarcane Rainfed,https://www.teses.usp.br/teses/disponiveis/11/11136/tde-19092006-170424/pt-br.php,Plant-Cane,20,140,13,NA,NA,NA,NA,NA,"Latossolo Vermelho Amarelo, distrofico (Typic Hapludox)","Data from Suguitani's thesis on CTC for assessing the Mosicas model. Crop havent shown significant difference between Rainfed/Irrigated trials; hypothesis are: deeper roots, wet year, high TAV. This data was used to parameterize CANEGRO by Marin (2012)",FALSE,base_setup_01.csv
SC0002,DRPI0001,PI0002,CRSC0001,Sugarcane Irrigated,Piracicaba - CTC,Brazil,-22.6931,-47.560563,Sugarcane,R570,Irrigated,TRUE,2004,301,2005,267,60,Sugarcane Irrigated,https://www.teses.usp.br/teses/disponiveis/11/11136/tde-19092006-170424/pt-br.php,Plant-Cane,20,140,13,NA,NA,NA,NA,NA,"Latossolo Vermelho Amarelo, distrofico (Typic Hapludox)","Data from Suguitani's thesis on CTC for assessing the Mosicas model. Crop havent shown significant difference between Rainfed/Irrigated trials; hypothesis are: deeper roots, wet year, high TAV. This data was used to parameterize CANEGRO by Marin (2012)",FALSE,base_setup_01.csv
SC0003,DRPI0001,PI0002,CRSC0001,Sugarcane Rainfed,Piracicaba - CTC,Brazil,-22.6931,-47.560563,Sugarcane,RB72454,Rainfed,FALSE,2004,301,2005,267,60,Sugarcane Rainfed,https://www.teses.usp.br/teses/disponiveis/11/11136/tde-19092006-170424/pt-br.php,Plant-Cane,20,140,13,NA,NA,NA,NA,NA,"Latossolo Vermelho Amarelo, distrofico (Typic Hapludox)","Data from Suguitani's thesis on CTC for assessing the Mosicas model. Crop havent shown significant difference between Rainfed/Irrigated trials; hypothesis are: deeper roots, wet year, high TAV. This data was used to parameterize CANEGRO by Marin (2012)",FALSE,base_setup_01.csv
SC0004,DRPI0001,PI0002,CRSC0001,Sugarcane Irrigated,Piracicaba - CTC,Brazil,-22.6931,-47.560563,Sugarcane,RB72454,Irrigated,TRUE,2004,301,2005,267,60,Sugarcane Irrigated,https://www.teses.usp.br/teses/disponiveis/11/11136/tde-19092006-170424/pt-br.php,Plant-Cane,20,140,13,NA,NA,NA,NA,NA,"Latossolo Vermelho Amarelo, distrofico (Typic Hapludox)","Data from Suguitani's thesis on CTC for assessing the Mosicas model. Crop havent shown significant difference between Rainfed/Irrigated trials; hypothesis are: deeper roots, wet year, high TAV. This data was used to parameterize CANEGRO by Marin (2012)",FALSE,base_setup_01.csv
SC0005,DRPI0001,PI0002,CRSC0001,Sugarcane Rainfed,Piracicaba - CTC,Brazil,-22.6931,-47.560563,Sugarcane,SP83-2847,Rainfed,FALSE,2004,301,2005,267,60,Sugarcane Rainfed,https://www.teses.usp.br/teses/disponiveis/11/11136/tde-19092006-170424/pt-br.php,Plant-Cane,20,140,13,NA,NA,NA,NA,NA,"Latossolo Vermelho Amarelo, distrofico (Typic Hapludox)","Data from Suguitani's thesis on CTC for assessing the Mosicas model. Crop havent shown significant difference between Rainfed/Irrigated trials; hypothesis are: deeper roots, wet year, high TAV. This data was used to parameterize CANEGRO by Marin (2012)",FALSE,base_setup_01.csv
SC0006,DRPI0001,PI0002,CRSC0001,Sugarcane Irrigated,Piracicaba - CTC,Brazil,-22.6931,-47.560563,Sugarcane,SP83-2847,Irrigated,TRUE,2004,301,2005,267,60,Sugarcane Irrigated,https://www.teses.usp.br/teses/disponiveis/11/11136/tde-19092006-170424/pt-br.php,Plant-Cane,20,140,13,NA,NA,NA,NA,NA,"Latossolo Vermelho Amarelo, distrofico (Typic Hapludox)","Data from Suguitani's thesis on CTC for assessing the Mosicas model. Crop havent shown significant difference between Rainfed/Irrigated trials; hypothesis are: deeper roots, wet year, high TAV. This data was used to parameterize CANEGRO by Marin (2012)",FALSE,base_setup_01.csv
SC0007,DRPI0001,PI0002,CRSC0001,Sugarcane Rainfed,Piracicaba - CTC,Brazil,-22.6931,-47.560563,Sugarcane,NCo376,Rainfed,FALSE,2004,301,2005,267,60,Sugarcane Rainfed,https://www.teses.usp.br/teses/disponiveis/11/11136/tde-19092006-170424/pt-br.php,Plant-Cane,20,140,13,NA,NA,NA,NA,NA,"Latossolo Vermelho Amarelo, distrofico (Typic Hapludox)","Data from Suguitani's thesis on CTC for assessing the Mosicas model. Crop havent shown significant difference between Rainfed/Irrigated trials; hypothesis are: deeper roots, wet year, high TAV. This data was used to parameterize CANEGRO by Marin (2012)",FALSE,base_setup_01.csv
SC0008,DRPI0001,PI0002,CRSC0001,Sugarcane Irrigated,Piracicaba - CTC,Brazil,-22.6931,-47.560563,Sugarcane,NCo376,Irrigated,TRUE,2004,301,2005,267,60,Sugarcane Irrigated,https://www.teses.usp.br/teses/disponiveis/11/11136/tde-19092006-170424/pt-br.php,Plant-Cane,20,140,13,NA,NA,NA,NA,NA,"Latossolo Vermelho Amarelo, distrofico (Typic Hapludox)","Data from Suguitani's thesis on CTC for assessing the Mosicas model. Crop havent shown significant difference between Rainfed/Irrigated trials; hypothesis are: deeper roots, wet year, high TAV. This data was used to parameterize CANEGRO by Marin (2012)",FALSE,base_setup_01.csv
SC0009,AT0001,AT0001,CRSC0001,Sugarcane Rainfed,Aparecida do Taboado,Brazil,-20.08333333,-51.3,Sugarcane,NA,Rainfed,FALSE,2006,182,2007,251,60,Sugarcane Rainfed,doi:10.2134/agronj2010.0302,Ratoon1,20,140,13,NA,NA,NA,NA,NA,Typic Hapludox,This data was used to parameterize CANEGRO by Marin (2012),FALSE,base_setup_01.csv
SC0010,AT0001,AT0001,CRSC0001,Sugarcane Rainfed,Aparecida do Taboado,Brazil,-20.08333333,-51.3,Sugarcane,NA,Rainfed,FALSE,2006,182,2007,251,60,Sugarcane Rainfed,doi:10.2134/agronj2010.0302,Ratoon1,20,140,13,NA,NA,NA,NA,NA,Typic Hapludox,This data was used to parameterize CANEGRO by Marin (2012),FALSE,base_setup_01.csv
SC0011,CO0001,CO0001,CRSC0001,Sugarcane Rainfed,Colina,Brazil,-20.41666667,-48.31666667,Sugarcane,NA,Rainfed,FALSE,2004,41,2005,167,60,Sugarcane Rainfed,doi:10.2134/agronj2010.0302,Plant-Cane,20,140,13,NA,NA,NA,NA,NA,Typic Hapludox,This data was used to parameterize CANEGRO by Marin (2012),FALSE,base_setup_01.csv
SC0012,CO0001,CO0001,CRSC0001,Sugarcane Rainfed,Colina,Brazil,-20.41666667,-48.31666667,Sugarcane,NA,Rainfed,FALSE,2004,41,2005,167,60,Sugarcane Rainfed,doi:10.2134/agronj2010.0302,Plant-Cane,20,140,13,NA,NA,NA,NA,NA,Typic Hapludox,This data was used to parameterize CANEGRO by Marin (2012),FALSE,base_setup_01.csv
SC0013,CO0001,CO0001,CRSC0001,Sugarcane Rainfed,Colina,Brazil,-20.41666667,-48.31666667,Sugarcane,NA,Rainfed,FALSE,2004,41,2005,167,60,Sugarcane Rainfed,doi:10.2134/agronj2010.0302,Plant-Cane,20,140,13,NA,NA,NA,NA,NA,Typic Hapludox,This data was used to parameterize CANEGRO by Marin (2012),FALSE,base_setup_01.csv
SC0014,CO0001,CO0001,CRSC0001,Sugarcane Rainfed,Colina,Brazil,-20.41666667,-48.31666667,Sugarcane,NA,Rainfed,FALSE,2004,41,2005,167,60,Sugarcane Rainfed,doi:10.2134/agronj2010.0302,Plant-Cane,20,140,13,NA,NA,NA,NA,NA,Typic Hapludox,This data was used to parameterize CANEGRO by Marin (2012),FALSE,base_setup_01.csv
SC0015,OL0001,OL0001,CRSC0001,Sugarcane Rainfed,Olimpia,Brazil,-20.43333333,-48.53333333,Sugarcane,NA,Rainfed,FALSE,2004,41,2005,167,60,Sugarcane Rainfed,doi:10.2134/agronj2010.0302,Plant-Cane,20,140,13,NA,NA,NA,NA,NA,Typic Hapludox,This data was used to parameterize CANEGRO by Marin (2012),FALSE,base_setup_01.csv
SC0016,OL0001,OL0001,CRSC0001,Sugarcane Rainfed,Olimpia,Brazil,-20.43333333,-48.53333333,Sugarcane,NA,Rainfed,FALSE,2007,258,2008,318,60,Sugarcane Rainfed,doi:10.2134/agronj2010.0302,Plant-Cane,20,140,13,NA,NA,NA,NA,NA,Typic Hapludox,This data was used to parameterize CANEGRO by Marin (2012),FALSE,base_setup_01.csv
SC0017,OL0001,OL0001,CRSC0001,Sugarcane Rainfed,Olimpia,Brazil,-20.43333333,-48.53333333,Sugarcane,NA,Rainfed,FALSE,2007,258,2008,318,60,Sugarcane Rainfed,doi:10.2134/agronj2010.0302,Plant-Cane,20,140,13,NA,NA,NA,NA,NA,Typic Hapludox,This data was used to parameterize CANEGRO by Marin (2012),FALSE,base_setup_01.csv
SC0018,OL0001,OL0001,CRSC0001,Sugarcane Rainfed,Olimpia,Brazil,-20.43333333,-48.53333333,Sugarcane,NA,Rainfed,FALSE,2007,258,2008,318,60,Sugarcane Rainfed,doi:10.2134/agronj2010.0302,Plant-Cane,20,140,13,NA,NA,NA,NA,NA,Typic Hapludox,This data was used to parameterize CANEGRO by Marin (2012),FALSE,base_setup_01.csv
SC0019,OL0001,OL0001,CRSC0001,Sugarcane Rainfed,Olimpia,Brazil,-20.43333333,-48.53333333,Sugarcane,NA,Rainfed,FALSE,2007,258,2008,318,60,Sugarcane Rainfed,doi:10.2134/agronj2010.0302,Plant-Cane,20,140,13,NA,NA,NA,NA,NA,Typic Hapludox,This data was used to parameterize CANEGRO by Marin (2012),FALSE,base_setup_01.csv
MZ0003,PI0001,PI0001,CRMZ0001,Maize Irrigated,Piracicaba - Posto Meteorologico (ESALQ),Brazil,-22.704156,-47.623095,Maize,P4285YH,Irrigated,TRUE,2016,187,2016,294,60,Maize Irrigated,https://www.teses.usp.br/teses/disponiveis/11/11152/tde-17072018-134305/pt-br.php,NA,NA,NA,NA,NA,NA,NA,NA,NA,NA,Data from Tamires Teles's master field experiment near ESALQ's weather station,FALSE,base_setup_01.csv
MZ0004,PI0001,PI0001,CRMZ0001,Maize Rainfed,Piracicaba - Posto Meteorologico (ESALQ),Brazil,-22.704156,-47.623095,Maize,P4285YH,Rainfed,FALSE,2016,162,2016,294,60,Maize Rainfed,https://www.teses.usp.br/teses/disponiveis/11/11152/tde-17072018-134305/pt-br.php,NA,NA,NA,NA,NA,NA,NA,NA,NA,NA,Data from Tamires Teles's master field experiment near ESALQ's weather station,FALSE,base_setup_01.csv
SC0020,NA,NA,CRSC0001,Sugarcane Commercial Area Bare Soil,Igaraçu do Tietê,Brazil,22°13',48°13',Sugarcane,SP80-3280,Rainfed - Bare Soil,FALSE,2014,256,2015,286,60,Sugarcane Rainfed Commercial Area,Gustavo - Ado's DB,NA,NA,NA,NA,NA,NA,F,None,0,NA,Gustavo - Ado's DB,FALSE,base_setup_01.csv
SC0021,NA,NA,CRSC0001,Sugarcane Commercial Area 25% Mulch,Igaraçu do Tietê,Brazil,22°13',48°13',Sugarcane,SP80-3280,Rainfed - 25% Mulch,FALSE,2014,256,2015,286,60,Sugarcane Rainfed Commercial Area,Gustavo - Ado's DB,NA,NA,NA,NA,NA,NA,T,Sugarcane Mulch,2,NA,Gustavo - Ado's DB,FALSE,base_setup_01.csv
SC0022,NA,NA,CRSC0001,Sugarcane Commercial Area 50% Mulch,Igaraçu do Tietê,Brazil,22°13',48°13',Sugarcane,SP80-3280,Rainfed - 50% Mulch,FALSE,2014,256,2015,286,60,Sugarcane Rainfed Commercial Area,Gustavo - Ado's DB,NA,NA,NA,NA,NA,NA,T,Sugarcane Mulch,3.2,NA,Gustavo - Ado's DB,FALSE,base_setup_01.csv
SC0023,NA,NA,CRSC0001,Sugarcane Commercial Area 100%Mulch,Igaraçu do Tietê,Brazil,22°13',48°13',Sugarcane,SP80-3280,Rainfed - 100% Mulch,FALSE,2014,256,2015,286,60,Sugarcane Rainfed Commercial Area,Gustavo - Ado's DB,NA,NA,NA,NA,NA,NA,T,Sugarcane Mulch,7.5,NA,Gustavo - Ado's DB,FALSE,base_setup_01.csv
SC0024,,,CRSC0001,Mulch Effect on Sugarcane Growth Dry Season frac_mulch 0,Usina Bom Retiro (Capivari - SP),Brazil,22°59'42,47°30'34,Sugarcane,CTC14,Bare Soil,FALSE,2013,45,2014,226,60,,,Plant-Cane,,,,,,,,0,,,FALSE,base_setup_01.csv
SC0025,,,CRSC0001,Mulch Effect on Sugarcane Growth Dry Season frac_mulch 0,Usina Univalem (Valparaiso - SP),Brazil,21°14'48,50°47'04,Sugarcane,RB867515,Bare Soil,FALSE,2013,45,2014,226,60,,,Plant-Cane,,,,,,,,0,,,FALSE,base_setup_01.csv
SC0026,,,CRSC0001,Mulch Effect on Sugarcane Growth Wet Season frac_mulch 0,Usina Bom Retiro (Capivari - SP),Brazil,22°59'42,47°30'34,Sugarcane,CTC14,Bare Soil,FALSE,2013,45,2014,287,60,,,Plant-Cane,,,,,,,,0,,,FALSE,base_setup_01.csv
SC0027,,,CRSC0001,Mulch Effect on Sugarcane Growth Wet Season frac_mulch 0,Usina Univalem (Valparaiso - SP),Brazil,21°14'48,50°47'04,Sugarcane,RB867515,Bare Soil,FALSE,2013,45,2014,287,60,,,Plant-Cane,,,,,,,,0,,,FALSE,base_setup_01.csv
SC0028,,,CRSC0001,Mulch Effect on Sugarcane Growth Dry Season frac_mulch 0,Usina Bom Retiro (Capivari - SP),Brazil,22°59'42,47°30'34,Sugarcane,CTC14,Bare Soil,FALSE,2014,226,2015,226,60,,,Ratoon1,,,,,,,,0,,,FALSE,base_setup_01.csv
SC0029,,,CRSC0001,Mulch Effect on Sugarcane Growth Dry Season frac_mulch 0,Usina Univalem (Valparaiso - SP),Brazil,21°14'48,50°47'04,Sugarcane,RB867515,Bare Soil,FALSE,2014,226,2015,226,60,,,Ratoon1,,,,,,,,0,,,FALSE,base_setup_01.csv
SC0030,,,CRSC0001,Mulch Effect on Sugarcane Growth Wet Season frac_mulch 0,Usina Bom Retiro (Capivari - SP),Brazil,22°59'42,47°30'34,Sugarcane,CTC14,Bare Soil,FALSE,2014,287,2015,348,60,,,Ratoon1,,,,,,,,0,,,FALSE,base_setup_01.csv
SC0031,,,CRSC0001,Mulch Effect on Sugarcane Growth Wet Season frac_mulch 0,Usina Univalem (Valparaiso - SP),Brazil,21°14'48,50°47'04,Sugarcane,RB867515,Bare Soil,FALSE,2014,287,2015,348,60,,,Ratoon1,,,,,,,,0,,,FALSE,base_setup_01.csv
SC0032,,,CRSC0001,Mulch Effect on Sugarcane Growth Dry Season frac_mulch 0,Usina Bom Retiro (Capivari - SP),Brazil,22°59'42,47°30'34,Sugarcane,CTC14,Bare Soil,FALSE,2015,226,2016,227,60,,,Ratoon2,,,,,,,,0,,,FALSE,base_setup_01.csv
SC0033,,,CRSC0001,Mulch Effect on Sugarcane Growth Dry Season frac_mulch 0,Usina Univalem (Valparaiso - SP),Brazil,21°14'48,50°47'04,Sugarcane,RB867515,Bare Soil,FALSE,2015,226,2016,227,60,,,Ratoon2,,,,,,,,0,,,FALSE,base_setup_01.csv
SC0034,,,CRSC0001,Mulch Effect on Sugarcane Growth Wet Season frac_mulch 0,Usina Bom Retiro (Capivari - SP),Brazil,22°59'42,47°30'34,Sugarcane,CTC14,Bare Soil,FALSE,2015,348,2016,288,60,,,Ratoon2,,,,,,,,0,,,FALSE,base_setup_01.csv
SC0035,,,CRSC0001,Mulch Effect on Sugarcane Growth Wet Season frac_mulch 0,Usina Univalem (Valparaiso - SP),Brazil,21°14'48,50°47'04,Sugarcane,RB867515,Bare Soil,FALSE,2015,348,2016,288,60,,,Ratoon2,,,,,,,,0,,,FALSE,base_setup_01.csv
SC0036,,,CRSC0001,Mulch Effect on Sugarcane Growth Dry Season frac_mulch 0.25,Usina Bom Retiro (Capivari - SP),Brazil,22°59'42,47°30'34,Sugarcane,CTC14,25%Mulch,FALSE,2014,226,2015,226,60,,,Ratoon1,,,,,,,,3.4,,,FALSE,base_setup_01.csv
SC0037,,,CRSC0001,Mulch Effect on Sugarcane Growth Dry Season frac_mulch 0.25,Usina Univalem (Valparaiso - SP),Brazil,21°14'48,50°47'04,Sugarcane,RB867515,25%Mulch,FALSE,2014,226,2015,226,60,,,Ratoon1,,,,,,,,5.1,,,FALSE,base_setup_01.csv
SC0038,,,CRSC0001,Mulch Effect on Sugarcane Growth Wet Season frac_mulch 0.25,Usina Bom Retiro (Capivari - SP),Brazil,22°59'42,47°30'34,Sugarcane,CTC14,25%Mulch,FALSE,2014,287,2015,348,60,,,Ratoon1,,,,,,,,4.2,,,FALSE,base_setup_01.csv
SC0039,,,CRSC0001,Mulch Effect on Sugarcane Growth Wet Season frac_mulch 0.25,Usina Univalem (Valparaiso - SP),Brazil,21°14'48,50°47'04,Sugarcane,RB867515,25%Mulch,FALSE,2014,287,2015,348,60,,,Ratoon1,,,,,,,,4,,,FALSE,base_setup_01.csv
SC0040,,,CRSC0001,Mulch Effect on Sugarcane Growth Dry Season frac_mulch 0.25,Usina Bom Retiro (Capivari - SP),Brazil,22°59'42,47°30'34,Sugarcane,CTC14,25%Mulch,FALSE,2015,226,2016,227,60,,,Ratoon2,,,,,,,,3.2,,,FALSE,base_setup_01.csv
SC0041,,,CRSC0001,Mulch Effect on Sugarcane Growth Dry Season frac_mulch 0.25,Usina Univalem (Valparaiso - SP),Brazil,21°14'48,50°47'04,Sugarcane,RB867515,25%Mulch,FALSE,2015,226,2016,227,60,,,Ratoon2,,,,,,,,4.1,,,FALSE,base_setup_01.csv
SC0042,,,CRSC0001,Mulch Effect on Sugarcane Growth Wet Season frac_mulch 0.25,Usina Bom Retiro (Capivari - SP),Brazil,22°59'42,47°30'34,Sugarcane,CTC14,25%Mulch,FALSE,2015,348,2016,288,60,,,Ratoon2,,,,,,,,2.4,,,FALSE,base_setup_01.csv
SC0043,,,CRSC0001,Mulch Effect on Sugarcane Growth Wet Season frac_mulch 0.25,Usina Univalem (Valparaiso - SP),Brazil,21°14'48,50°47'04,Sugarcane,RB867515,25%Mulch,FALSE,2015,348,2016,288,60,,,Ratoon2,,,,,,,,3.2,,,FALSE,base_setup_01.csv
SC0044,,,CRSC0001,Mulch Effect on Sugarcane Growth Dry Season frac_mulch 0.5,Usina Bom Retiro (Capivari - SP),Brazil,22°59'42,47°30'34,Sugarcane,CTC14,50%Mulch,FALSE,2014,226,2015,226,60,,,Ratoon1,,,,,,,,7.8,,,FALSE,base_setup_01.csv
SC0045,,,CRSC0001,Mulch Effect on Sugarcane Growth Dry Season frac_mulch 0.5,Usina Univalem (Valparaiso - SP),Brazil,21°14'48,50°47'04,Sugarcane,RB867515,50%Mulch,FALSE,2014,226,2015,226,60,,,Ratoon1,,,,,,,,8.4,,,FALSE,base_setup_01.csv
SC0046,,,CRSC0001,Mulch Effect on Sugarcane Growth Wet Season frac_mulch 0.5,Usina Bom Retiro (Capivari - SP),Brazil,22°59'42,47°30'34,Sugarcane,CTC14,50%Mulch,FALSE,2014,287,2015,348,60,,,Ratoon1,,,,,,,,8.7,,,FALSE,base_setup_01.csv
SC0047,,,CRSC0001,Mulch Effect on Sugarcane Growth Wet Season frac_mulch 0.5,Usina Univalem (Valparaiso - SP),Brazil,21°14'48,50°47'04,Sugarcane,RB867515,50%Mulch,FALSE,2014,287,2015,348,60,,,Ratoon1,,,,,,,,10.2,,,FALSE,base_setup_01.csv
SC0048,,,CRSC0001,Mulch Effect on Sugarcane Growth Dry Season frac_mulch 0.5,Usina Bom Retiro (Capivari - SP),Brazil,22°59'42,47°30'34,Sugarcane,CTC14,50%Mulch,FALSE,2015,226,2016,227,60,,,Ratoon2,,,,,,,,9.7,,,FALSE,base_setup_01.csv
SC0049,,,CRSC0001,Mulch Effect on Sugarcane Growth Dry Season frac_mulch 0.5,Usina Univalem (Valparaiso - SP),Brazil,21°14'48,50°47'04,Sugarcane,RB867515,50%Mulch,FALSE,2015,226,2016,227,60,,,Ratoon2,,,,,,,,7.9,,,FALSE,base_setup_01.csv
SC0050,,,CRSC0001,Mulch Effect on Sugarcane Growth Wet Season frac_mulch 0.5,Usina Bom Retiro (Capivari - SP),Brazil,22°59'42,47°30'34,Sugarcane,CTC14,50%Mulch,FALSE,2015,348,2016,288,60,,,Ratoon2,,,,,,,,5.5,,,FALSE,base_setup_01.csv
SC0051,,,CRSC0001,Mulch Effect on Sugarcane Growth Wet Season frac_mulch 0.5,Usina Univalem (Valparaiso - SP),Brazil,21°14'48,50°47'04,Sugarcane,RB867515,50%Mulch,FALSE,2015,348,2016,288,60,,,Ratoon2,,,,,,,,6.8,,,FALSE,base_setup_01.csv
SC0052,,,CRSC0001,Mulch Effect on Sugarcane Growth Dry Season frac_mulch 0.75,Usina Bom Retiro (Capivari - SP),Brazil,22°59'42,47°30'34,Sugarcane,CTC14,75%Mulch,FALSE,2014,226,2015,226,60,,,Ratoon1,,,,,,,,13,,,FALSE,base_setup_01.csv
SC0053,,,CRSC0001,Mulch Effect on Sugarcane Growth Dry Season frac_mulch 0.75,Usina Univalem (Valparaiso - SP),Brazil,21°14'48,50°47'04,Sugarcane,RB867515,75%Mulch,FALSE,2014,226,2015,226,60,,,Ratoon1,,,,,,,,11.4,,,FALSE,base_setup_01.csv
SC0054,,,CRSC0001,Mulch Effect on Sugarcane Growth Wet Season frac_mulch 0.75,Usina Bom Retiro (Capivari - SP),Brazil,22°59'42,47°30'34,Sugarcane,CTC14,75%Mulch,FALSE,2014,287,2015,348,60,,,Ratoon1,,,,,,,,15.1,,,FALSE,base_setup_01.csv
SC0055,,,CRSC0001,Mulch Effect on Sugarcane Growth Wet Season frac_mulch 0.75,Usina Univalem (Valparaiso - SP),Brazil,21°14'48,50°47'04,Sugarcane,RB867515,75%Mulch,FALSE,2014,287,2015,348,60,,,Ratoon1,,,,,,,,12.5,,,FALSE,base_setup_01.csv
SC0056,,,CRSC0001,Mulch Effect on Sugarcane Growth Dry Season frac_mulch 0.75,Usina Bom Retiro (Capivari - SP),Brazil,22°59'42,47°30'34,Sugarcane,CTC14,75%Mulch,FALSE,2015,226,2016,227,60,,,Ratoon2,,,,,,,,11.4,,,FALSE,base_setup_01.csv
SC0057,,,CRSC0001,Mulch Effect on Sugarcane Growth Dry Season frac_mulch 0.75,Usina Univalem (Valparaiso - SP),Brazil,21°14'48,50°47'04,Sugarcane,RB867515,75%Mulch,FALSE,2015,226,2016,227,60,,,Ratoon2,,,,,,,,9.6,,,FALSE,base_setup_01.csv
SC0058,,,CRSC0001,Mulch Effect on Sugarcane Growth Wet Season frac_mulch 0.75,Usina Bom Retiro (Capivari - SP),Brazil,22°59'42,47°30'34,Sugarcane,CTC14,75%Mulch,FALSE,2015,348,2016,288,60,,,Ratoon2,,,,,,,,10.5,,,FALSE,base_setup_01.csv
SC0059,,,CRSC0001,Mulch Effect on Sugarcane Growth Wet Season frac_mulch 0.75,Usina Univalem (Valparaiso - SP),Brazil,21°14'48,50°47'04,Sugarcane,RB867515,75%Mulch,FALSE,2015,348,2016,288,60,,,Ratoon2,,,,,,,,11.6,,,FALSE,base_setup_01.csv
SC0060,,,CRSC0001,Mulch Effect on Sugarcane Growth Dry Season frac_mulch 1,Usina Bom Retiro (Capivari - SP),Brazil,22°59'42,47°30'34,Sugarcane,CTC14,100%Mulch,FALSE,2014,226,2015,226,60,,,Ratoon1,,,,,,,,16.6,,,FALSE,base_setup_01.csv
SC0061,,,CRSC0001,Mulch Effect on Sugarcane Growth Dry Season frac_mulch 1,Usina Univalem (Valparaiso - SP),Brazil,21°14'48,50°47'04,Sugarcane,RB867515,100%Mulch,FALSE,2014,226,2015,226,60,,,Ratoon1,,,,,,,,15,,,FALSE,base_setup_01.csv
SC0062,,,CRSC0001,Mulch Effect on Sugarcane Growth Wet Season frac_mulch 1,Usina Bom Retiro (Capivari - SP),Brazil,22°59'42,47°30'34,Sugarcane,CTC14,100%Mulch,FALSE,2014,287,2015,348,60,,,Ratoon1,,,,,,,,18.9,,,FALSE,base_setup_01.csv
SC0063,,,CRSC0001,Mulch Effect on Sugarcane Growth Wet Season frac_mulch 1,Usina Univalem (Valparaiso - SP),Brazil,21°14'48,50°47'04,Sugarcane,RB867515,100%Mulch,FALSE,2014,287,2015,348,60,,,Ratoon1,,,,,,,,16.4,,,FALSE,base_setup_01.csv
SC0064,,,CRSC0001,Mulch Effect on Sugarcane Growth Dry Season frac_mulch 1,Usina Bom Retiro (Capivari - SP),Brazil,22°59'42,47°30'34,Sugarcane,CTC14,100%Mulch,FALSE,2015,226,2016,227,60,,,Ratoon2,,,,,,,,14.7,,,FALSE,base_setup_01.csv
SC0065,,,CRSC0001,Mulch Effect on Sugarcane Growth Dry Season frac_mulch 1,Usina Univalem (Valparaiso - SP),Brazil,21°14'48,50°47'04,Sugarcane,RB867515,100%Mulch,FALSE,2015,226,2016,227,60,,,Ratoon2,,,,,,,,12.4,,,FALSE,base_setup_01.csv
SC0066,,,CRSC0001,Mulch Effect on Sugarcane Growth Wet Season frac_mulch 1,Usina Bom Retiro (Capivari - SP),Brazil,22°59'42,47°30'34,Sugarcane,CTC14,100%Mulch,FALSE,2015,348,2016,288,60,,,Ratoon2,,,,,,,,13.6,,,FALSE,base_setup_01.csv
SC0067,,,CRSC0001,Mulch Effect on Sugarcane Growth Wet Season frac_mulch 1,Usina Univalem (Valparaiso - SP),Brazil,21°14'48,50°47'04,Sugarcane,RB867515,100%Mulch,FALSE,2015,348,2016,288,60,,,Ratoon2,,,,,,,,13.7,,,FALSE,base_setup_01.csv
